{
	"comments": {
		"lineComment": "--",
		"blockComment": [ "/*", "*/" ]
	},
	"brackets": [
		["{", "}"],
		["[", "]"],
		["(", ")"]
	],
	"autoClosingPairs": [
		["{", "}"],
		["[", "]"],
		["(", ")"],
		{ "open": "\"", "close": "\"", "notIn": ["string"] },
		{ "open": "N'", "close": "'", "notIn": ["string", "comment"] },
		{ "open": "'", "close": "'", "notIn": ["string", "comment"] }
	],
	"surroundingPairs": [
		["{", "}"],
		["[", "]"],
		["(", ")"],
		["\"", "\""],
		["'", "'"],
		["`", "`"]
	],
	"folding": {
		"markers": {
		  "start": "\\/\\*",
		  "end": "\\*\\/"
		}
	}
}
