[
    {
        "name": "AlwaysDisplayTestExplorer - experiment",
        "salt": "AlwaysDisplayTestExplorer",
        "min": 80,
        "max": 100
    },
    {
        "name": "AlwaysDisplayTestExplorer - control",
        "salt": "AlwaysDisplayTestExplorer",
        "min": 0,
        "max": 20
    },
    {
        "name": "ShowPlayIcon - start",
        "salt": "ShowPlayIcon",
        "max": 100,
        "min": 0
    },
    {
        "name": "ShowExtensionSurveyPrompt - enabled",
        "salt": "ShowExtensionSurveyPrompt",
        "max": 100,
        "min": 60
    },
    {
        "name": "ShowExtensionSurveyPrompt - control",
        "salt": "ShowExtensionSurveyPrompt",
        "min": 0,
        "max": 40
    },
    {
        "name": "DebugAdapterFactory - control",
        "salt": "DebugAdapterFactory",
        "min": 0,
        "max": 0
    },
    {
        "name": "DebugAdapterFactory - experiment",
        "salt": "DebugAdapterFactory",
        "min": 0,
        "max": 100
    },
    {
        "name": "PtvsdWheels37 - control",
        "salt": "DebugAdapterFactory",
        "min": 0,
        "max": 50
    },
    {
        "name": "PtvsdWheels37 - experiment",
        "salt": "DebugAdapterFactory",
        "min": 50,
        "max": 100
    },
    {
        "name": "Reload - control",
        "salt": "DebugAdapterFactory",
        "min": 50,
        "max": 60
    },
    {
        "name": "Reload - experiment",
        "salt": "DebugAdapterFactory",
        "min": 90,
        "max": 100
    },
    {
        "name": "LS - enabled",
        "salt": "LS",
        "min": 0,
        "max": 4
    },
    {
        "name": "LS - control",
        "salt": "LS",
        "min": 20,
        "max": 24
    },
    {
        "name": "UseTerminalToGetActivatedEnvVars - experiment",
        "salt": "UseTerminalToGetActivatedEnvVars",
        "min": 0,
        "max": 0
    },
    {
        "name": "UseTerminalToGetActivatedEnvVars - control",
        "salt": "UseTerminalToGetActivatedEnvVars",
        "min": 0,
        "max": 100
    },
    {
        "name": "AA_testing - control",
        "salt": "AA_testing",
        "min": 0,
        "max": 10
    },
    {
        "name": "AA_testing - experiment",
        "salt": "AA_testing",
        "min": 90,
        "max": 100
    },
    {
        "name": "WebHostNotebook - experiment",
        "salt": "WebHostNotebook",
        "max": 0,
        "min": 0
    },
    {
        "name": "WebHostNotebook - control",
        "salt": "WebHostNotebook",
        "min": 0,
        "max": 100
    },
    {
        "name": "CollectLSRequestTiming - experiment",
        "salt": "CollectLSRequestTiming",
        "min": 0,
        "max": 10
    },
    {
        "name": "CollectLSRequestTiming - control",
        "salt": "CollectLSRequestTiming",
        "min": 10,
        "max": 100
    },
    {
        "name": "CollectNodeLSRequestTiming - experiment",
        "salt": "CollectNodeLSRequestTiming",
        "min": 0,
        "max": 100
    },
    {
        "name": "CollectNodeLSRequestTiming - control",
        "salt": "CollectNodeLSRequestTiming",
        "min": 0,
        "max": 0
    }
]
