{
    "python.command.python.sortImports.title": "Отсортировать Imports",
    "python.command.python.startREPL.title": "Открыть REPL",
    "python.command.python.buildWorkspaceSymbols.title": "Собрать символы рабочего пространства",
    "python.command.python.runtests.title": "Запустить все тесты",
    "python.command.python.debugtests.title": "Запустить все тесты под отладчиком",
    "python.command.python.execInTerminal.title": "Выполнить файл в консоли",
    "python.command.python.setInterpreter.title": "Выбрать интерпретатор",
    "python.command.python.refactorExtractVariable.title": "Извлечь в переменную",
    "python.command.python.refactorExtractMethod.title": "Извлечь в метод",
    "python.command.python.viewTestOutput.title": "Показать вывод теста",
    "python.command.python.selectAndRunTestMethod.title": "Запусть тестовый метод...",
    "python.command.python.selectAndDebugTestMethod.title": "Отладить тестовый метод...",
    "python.command.python.selectAndRunTestFile.title": "Запустить тестовый файл...",
    "python.command.python.runCurrentTestFile.title": "Запустить текущий тестовый файл",
    "python.command.python.runFailedTests.title": "Запустить непрошедшие тесты",
    "python.command.python.discoverTests.title": "Обнаружить тесты",
    "python.command.python.execSelectionInTerminal.title": "Выполнить выбранный текст или текущую строку в консоли",
    "python.command.python.execSelectionInDjangoShell.title": "Выполнить выбранный текст или текущую строку в оболочке Django",
    "python.command.python.goToPythonObject.title": "Перейти к объекту Python",
    "python.command.python.setLinter.title": "Выбрать анализатор кода",
    "python.command.python.enableLinting.title": "Включить анализатор кода",
    "python.command.python.runLinting.title": "Выполнить анализ кода",
    "python.snippet.launch.standard.label": "Python: Текущий файл",
    "python.snippet.launch.module.label": "Python: Модуль",
    "python.snippet.launch.django.label": "Python: Django",
    "python.snippet.launch.flask.label": "Python: Flask",
    "python.snippet.launch.pyramid.label": "Python: Приложение Pyramid",
    "python.snippet.launch.attach.label": "Python: Подключить отладчик",
    "LanguageService.bannerMessage": "Не могли бы вы уделить 2 минуты, чтобы рассказать нам насколько хорошо у вас работает Python Language Server?",
    "LanguageService.bannerLabelYes": "Да, пройти опрос сейчас",
    "LanguageService.bannerLabelNo": "Нет, спасибо"
}
